1,"Alsace ou Vin d'Alsace",1,"Alsace"
1,"Alsace ou Vin d'Alsace",2450,"Alsace Blienschwiller"
1,"Alsace ou Vin d'Alsace",2454,"Alsace Côtes de Barr"
1,"Alsace ou Vin d'Alsace",2456,"Alsace Côte de Rouffach"
1,"Alsace ou Vin d'Alsace",2459,"Alsace Ottrott"
1,"Alsace ou Vin d'Alsace",2460,"Alsace Rodern"
1,"Alsace ou Vin d'Alsace",2461,"Alsace Saint-Hippolyte"
1,"Alsace ou Vin d'Alsace",2462,"Alsace Scherwiller"
1,"Alsace ou Vin d'Alsace",2482,"Alsace Vallée Noble"
1,"Alsace ou Vin d'Alsace",2484,"Alsace Val Saint Grégoire"
1,"Alsace ou Vin d'Alsace",2485,"Alsace Wolxheim"
1,"Alsace ou Vin d'Alsace",2842,"Alsace Bergheim"
1,"Alsace ou Vin d'Alsace",2843,"Alsace Coteaux du Haut Koenigsbourg"
1,"Alsace ou Vin d'Alsace",2,"Alsace Klevener de Heiligenstein"
2,"Crémant d’Alsace",3,"Crémant d’Alsace"
4,"Côtes de Toul",54,"Côtes de Toul"
8,"Barsac",60,"Barsac"
9,"Béarn",61,"Béarn"
10,"Bergerac",63,"Bergerac"
12,"Côtes de Bergerac",65,"Côtes de Bergerac"
13,"Blaye",66,"Blaye"
14,"Bordeaux",67,"Bordeaux"
14,"Bordeaux",69,"Bordeaux Haut-Benauge"
18,"Côtes de Bourg, Bourg et Bourgeais",74,"Côtes de Bourg, Bourg et Bourgeais"
19,"Buzet",75,"Buzet"
20,"Cadillac",76,"Cadillac"
21,"Cahors",77,"Cahors"
22,"Canon Fronsac",78,"Canon Fronsac"
23,"Cérons",79,"Cérons"
24,"Côtes de Blaye",80,"Côtes de Blaye"
25,"Côtes de Bordeaux-Saint-Macaire",81,"Côtes de Bordeaux-Saint-Macaire"
27,"Côtes de Duras",83,"Côtes de Duras"
28,"Côtes de Montravel",84,"Côtes de Montravel"
29,"Fronton",85,"Fronton"
30,"Côtes du Marmandais",88,"Côtes du Marmandais"
31,"Crémant de Bordeaux",89,"Crémant de Bordeaux"
32,"Entre-deux-Mers",90,"Entre-deux-Mers"
32,"Entre-deux-Mers",91,"Entre-deux-Mers Haut-Benauge"
33,"Fronsac",92,"Fronsac"
34,"Gaillac",93,"Gaillac"
36,"Gaillac premières côtes",95,"Gaillac premières côtes"
37,"Graves",96,"Graves"
38,"Graves de Vayres",97,"Graves de Vayres"
39,"Haut-Médoc",98,"Haut-Médoc"
40,"Haut-Montravel",99,"Haut-Montravel"
41,"Irouléguy",100,"Irouléguy"
42,"Jurançon",101,"Jurançon"
44,"Lalande-de-Pomerol",103,"Lalande-de-Pomerol"
45,"Listrac-Médoc",104,"Listrac-Médoc"
46,"Loupiac",105,"Loupiac"
47,"Lussac-Saint-Emilion",106,"Lussac-Saint-Emilion"
48,"Madiran",107,"Madiran"
49,"Pacherenc du Vic-Bilh",108,"Pacherenc du Vic-Bilh"
51,"Marcillac",110,"Marcillac"
52,"Margaux",111,"Margaux"
53,"Médoc",112,"Médoc"
54,"Monbazillac",113,"Monbazillac"
55,"Montagne-Saint-Emilion",114,"Montagne-Saint-Emilion"
56,"Montravel",115,"Montravel"
57,"Moulis ou Moulis-en-Médoc",116,"Moulis ou Moulis-en-Médoc"
59,"Pauillac",118,"Pauillac"
60,"Pécharmant",119,"Pécharmant"
61,"Pessac-Léognan",120,"Pessac-Léognan"
62,"Pomerol",121,"Pomerol"
64,"Premières Côtes de Bordeaux",123,"Premières Côtes de Bordeaux"
65,"Puisseguin-Saint-Emilion",160,"Puisseguin-Saint-Emilion"
66,"Rosette",161,"Rosette"
67,"Saint-Emilion",162,"Saint-Emilion"
68,"Saint-Emilion grand cru",163,"Saint-Emilion grand cru"
69,"Saint-Estèphe",166,"Saint-Estèphe"
70,"Saint-Georges-Saint-Emilion",167,"Saint-Georges-Saint-Emilion"
71,"Saint-Julien",168,"Saint-Julien"
72,"Sainte-Croix-du-Mont",169,"Sainte-Croix-du-Mont"
74,"Saussignac",171,"Saussignac"
75,"Sauternes",172,"Sauternes"
76,"Anjou",173,"Anjou"
77,"Anjou-Coteaux de la Loire",174,"Anjou-Coteaux de la Loire"
79,"Anjou Villages",176,"Anjou Villages"
80,"Bonnezeaux",177,"Bonnezeaux"
81,"Bourgueil",178,"Bourgueil"
82,"Cabernet d'Anjou",179,"Cabernet d'Anjou"
84,"Cheverny",181,"Cheverny"
85,"Chinon",182,"Chinon"
86,"Coteaux de l'Aubance",183,"Coteaux de l'Aubance"
87,"Coteaux de Saumur",184,"Coteaux de Saumur"
88,"Coteaux du Layon",185,"Coteaux du Layon"
88,"Coteaux du Layon",186,"Coteaux du Layon Beaulieu-sur-Layon ou Beaulieu"
88,"Coteaux du Layon",187,"Coteaux du Layon premier cru Chaume"
88,"Coteaux du Layon",188,"Coteaux du Layon Faye-d'Anjou ou Faye"
88,"Coteaux du Layon",189,"Coteaux du Layon Rablay-sur-Layon ou Rablay"
88,"Coteaux du Layon",190,"Coteaux du Layon Rochefort-sur-Loire ou Rochefort"
88,"Coteaux du Layon",192,"Coteaux du Layon Saint-Lambert-du-Lattay ou Saint-Lambert"
89,"Coteaux du Loir",193,"Coteaux du Loir"
90,"Cour-Cheverny",194,"Cour-Cheverny"
91,"Crémant de Loire",195,"Crémant de Loire"
92,"Jasnières",196,"Jasnières"
93,"Menetou-Salon",197,"Menetou-Salon"
94,"Montlouis-sur-Loire",208,"Montlouis-sur-Loire"
97,"Muscadet",211,"Muscadet"
98,"Muscadet Coteaux de la Loire",212,"Muscadet Coteaux de la Loire"
99,"Muscadet Côtes de Grandlieu",213,"Muscadet Côtes de Grandlieu"
100,"Muscadet Sèvre et Maine",214,"Muscadet Sèvre et Maine"
101,"Pouilly-Fumé ou Blanc Fumé de Pouilly",215,"Pouilly-Fumé ou Blanc Fumé de Pouilly"
102,"Pouilly-sur-Loire",216,"Pouilly-sur-Loire"
103,"Quarts de Chaume",217,"Quarts de Chaume"
104,"Quincy",218,"Quincy"
105,"Reuilly",219,"Reuilly"
106,"Rosé d'Anjou",220,"Rosé d'Anjou"
107,"Rosé de Loire",221,"Rosé de Loire"
108,"Saint-Nicolas-de-Bourgueil",222,"Saint-Nicolas-de-Bourgueil"
109,"Sancerre",223,"Sancerre"
110,"Saumur",224,"Saumur"
112,"Savennières",226,"Savennières"
113,"Touraine",2056,"Touraine Amboise"
113,"Touraine",229,"Touraine"
119,"Vouvray",235,"Vouvray"
122,"Saumur-Champigny",238,"Saumur-Champigny"
123,"Touraine Noble Joué",239,"Touraine Noble Joué"
124,"Anjou Brissac",240,"Anjou Brissac"
125,"Coteaux du Giennois",241,"Coteaux du Giennois"
126,"Aloxe-Corton",242,"Aloxe-Corton"
126,"Aloxe-Corton",243,"Aloxe-Corton premier cru Clos des Maréchaudes"
126,"Aloxe-Corton",244,"Aloxe-Corton premier cru Clos du Chapitre"
126,"Aloxe-Corton",245,"Aloxe-Corton premier cru La Coutière"
126,"Aloxe-Corton",246,"Aloxe-Corton premier cru La Maréchaude"
126,"Aloxe-Corton",247,"Aloxe-Corton premier cru La Toppe au Vert"
126,"Aloxe-Corton",248,"Aloxe-Corton premier cru Les Chaillots blanc"
126,"Aloxe-Corton",249,"Aloxe-Corton premier cru Les Fournières"
126,"Aloxe-Corton",250,"Aloxe-Corton premier cru Les Guérets"
126,"Aloxe-Corton",251,"Aloxe-Corton premier cru Les Maréchaudes"
126,"Aloxe-Corton",252,"Aloxe-Corton premier cru Les Moutottes"
126,"Aloxe-Corton",253,"Aloxe-Corton premier cru Les Paulands"
126,"Aloxe-Corton",254,"Aloxe-Corton premier cru Les Petites Folières"
126,"Aloxe-Corton",255,"Aloxe-Corton premier cru Les Valozières"
126,"Aloxe-Corton",256,"Aloxe-Corton premier cru Les Vercots"
126,"Aloxe-Corton",257,"Aloxe-Corton premier cru"
127,"Arbois",258,"Arbois"
127,"Arbois",259,"Arbois Pupillin"
129,"Auxey-Duresses",2075,"Auxey-Duresses ou Auxey-Duresses Côte de Beaune"
129,"Auxey-Duresses",262,"Auxey-Duresses"
129,"Auxey-Duresses",263,"Auxey-Duresses premier cru Bas des Duresses"
129,"Auxey-Duresses",264,"Auxey-Duresses premier cru Climat du Val"
129,"Auxey-Duresses",265,"Auxey-Duresses premier cru Clos du Val"
129,"Auxey-Duresses",266,"Auxey-Duresses premier cru La Chapelle"
129,"Auxey-Duresses",267,"Auxey-Duresses premier cru Les Bréterins"
129,"Auxey-Duresses",268,"Auxey-Duresses premier cru Les Duresses"
129,"Auxey-Duresses",269,"Auxey-Duresses premier cru Les Ecussaux"
129,"Auxey-Duresses",270,"Auxey-Duresses premier cru Les Grands Champs"
129,"Auxey-Duresses",271,"Auxey-Duresses premier cru Reugne"
129,"Auxey-Duresses",272,"Auxey-Duresses premier cru"
130,"Bâtard-Montrachet",273,"Bâtard-Montrachet"
134,"Beaune",307,"Beaune"
134,"Beaune",308,"Beaune premier cru A l'Ecu"
134,"Beaune",309,"Beaune premier cru Aux Coucherias"
134,"Beaune",310,"Beaune premier cru Aux Cras"
134,"Beaune",311,"Beaune premier cru Belissand"
134,"Beaune",312,"Beaune premier cru Blanches Fleurs"
134,"Beaune",313,"Beaune premier cru Champs Pimont"
134,"Beaune",314,"Beaune premier cru Clos Saint-Landry"
134,"Beaune",315,"Beaune premier cru Clos de l'Ecu"
134,"Beaune",316,"Beaune premier cru Clos de la Feguine"
134,"Beaune",317,"Beaune premier cru Clos de la Mousse"
134,"Beaune",318,"Beaune premier cru Clos des Avaux"
134,"Beaune",319,"Beaune premier cru Clos des Ursules"
134,"Beaune",320,"Beaune premier cru Clos du Roi"
134,"Beaune",321,"Beaune premier cru En Genêt"
134,"Beaune",322,"Beaune premier cru En l'Orme"
134,"Beaune",323,"Beaune premier cru La Mignotte"
134,"Beaune",324,"Beaune premier cru Le Bas des Teurons"
134,"Beaune",325,"Beaune premier cru Le Clos des Mouches"
134,"Beaune",326,"Beaune premier cru Les Aigrots"
134,"Beaune",327,"Beaune premier cru Les Avaux"
134,"Beaune",328,"Beaune premier cru Les Boucherottes"
134,"Beaune",329,"Beaune premier cru Les Bressandes"
134,"Beaune",330,"Beaune premier cru Les Cents Vignes"
134,"Beaune",331,"Beaune premier cru Les Chouacheux"
134,"Beaune",332,"Beaune premier cru Les Epenotes"
134,"Beaune",333,"Beaune premier cru Les Fèves"
134,"Beaune",334,"Beaune premier cru Les Grèves"
134,"Beaune",335,"Beaune premier cru Les Marconnets"
134,"Beaune",336,"Beaune premier cru Les Montrevenots"
134,"Beaune",337,"Beaune premier cru Les Perrières"
134,"Beaune",338,"Beaune premier cru Les Reversés"
134,"Beaune",339,"Beaune premier cru Les Sceaux"
134,"Beaune",340,"Beaune premier cru Les Seurey"
134,"Beaune",341,"Beaune premier cru Les Sizies"
134,"Beaune",342,"Beaune premier cru Les Teurons"
134,"Beaune",343,"Beaune premier cru Les Toussaints"
134,"Beaune",344,"Beaune premier cru Les Tuvilains"
134,"Beaune",345,"Beaune premier cru Les Vignes Franches"
134,"Beaune",346,"Beaune premier cru Montée Rouge"
134,"Beaune",347,"Beaune premier cru Pertuisots"
134,"Beaune",348,"Beaune premier cru Sur les Grèves"
134,"Beaune",349,"Beaune premier cru Sur les Grèves - Clos Saint-Anne"
134,"Beaune",350,"Beaune premier cru"
135,"Bienvenues-Bâtard-Montrachet",351,"Bienvenues-Bâtard-Montrachet"
136,"Blagny",352,"Blagny ou Blagny Côte de Beaune"
136,"Blagny",353,"Blagny premier cru Hameau de Blagny"
136,"Blagny",354,"Blagny premier cru La Garenne ou sur la Garenne"
136,"Blagny",355,"Blagny premier cru La Jeunellotte"
136,"Blagny",356,"Blagny premier cru La Pièce sous le Bois"
136,"Blagny",357,"Blagny premier cru Sous Blagny"
136,"Blagny",358,"Blagny premier cru Sous le Dos d'Ane"
136,"Blagny",359,"Blagny premier cru Sous le Puits"
136,"Blagny",360,"Blagny premier cru"
137,"Bonnes-Mares",361,"Bonnes-Mares"
138,"Bourgogne",1586,"Bourgogne Côtes du Couchois"
138,"Bourgogne",1751,"Bourgogne Tonnerre"
138,"Bourgogne",2840,"Bourgogne Côte d'Or"
138,"Bourgogne",362,"Bourgogne"
138,"Bourgogne",362,"Bourgogne - blanc exclusif"
138,"Bourgogne",363,"Bourgogne Hautes Côtes de Beaune"
138,"Bourgogne",364,"Bourgogne Hautes Côtes de Nuits"
138,"Bourgogne",365,"Bourgogne Côte Chalonnaise"
138,"Bourgogne",366,"Bourgogne Côtes d'Auxerre"
138,"Bourgogne",367,"Bourgogne Chitry"
138,"Bourgogne",368,"Bourgogne Coulanges-la-Vineuse"
138,"Bourgogne",369,"Bourgogne Epineuil"
138,"Bourgogne",371,"Bourgogne La Chapelle Notre-Dame"
138,"Bourgogne",372,"Bourgogne Le Chapitre"
138,"Bourgogne",373,"Bourgogne Montrecul ou Montre-Cul ou En Montre-Cul"
138,"Bourgogne",374,"Bourgogne Côte Saint-Jacques"
140,"Bourgogne aligoté",389,"Bourgogne aligoté"
141,"Bourgogne mousseux",391,"Bourgogne mousseux"
144,"Bourgogne Passe-tout-grains",394,"Bourgogne Passe-tout-grains"
145,"Brouilly",395,"Brouilly"
146,"Chablis",397,"Chablis"
146,"Chablis",404,"Chablis premier cru Chaume de Talvat"
146,"Chablis",408,"Chablis premier cru Côte de Jouan"
146,"Chablis",414,"Chablis premier cru Fourchaume"
146,"Chablis",416,"Chablis premier cru Les Beauregards"
146,"Chablis",418,"Chablis premier cru Les Fourneaux"
146,"Chablis",420,"Chablis premier cru Mont de Milieu"
146,"Chablis",432,"Chablis premier cru Vaucoupin"
146,"Chablis",433,"Chablis premier cru Vaugiraut"
146,"Chablis",435,"Chablis premier cru Vaupulent"
146,"Chablis",437,"Chablis premier cru Vosgros"
146,"Chablis",438,"Chablis premier cru"
147,"Chablis Grand Cru",439,"Chablis Grand Cru"
147,"Chablis Grand Cru",440,"Chablis Grand Cru Blanchot"
147,"Chablis Grand Cru",441,"Chablis Grand Cru Bougros"
147,"Chablis Grand Cru",442,"Chablis Grand Cru Grenouilles"
147,"Chablis Grand Cru",443,"Chablis Grand Cru Les Clos"
147,"Chablis Grand Cru",444,"Chablis Grand Cru Preuses"
147,"Chablis Grand Cru",445,"Chablis Grand Cru Valmur"
147,"Chablis Grand Cru",446,"Chablis Grand Cru Vaudésir"
148,"Chambertin",447,"Chambertin"
149,"Chambertin-Clos de Bèze",448,"Chambertin-Clos de Bèze"
150,"Chambolle-Musigny",449,"Chambolle-Musigny"
150,"Chambolle-Musigny",450,"Chambolle-Musigny premier cru Aux Beaux Bruns"
150,"Chambolle-Musigny",451,"Chambolle-Musigny premier cru Aux Combottes"
150,"Chambolle-Musigny",452,"Chambolle-Musigny premier cru Aux Echanges"
150,"Chambolle-Musigny",453,"Chambolle-Musigny premier cru Derrière la Grange"
150,"Chambolle-Musigny",454,"Chambolle-Musigny premier cru La Combe d'Orveau"
150,"Chambolle-Musigny",455,"Chambolle-Musigny premier cru Les Amoureuses"
150,"Chambolle-Musigny",456,"Chambolle-Musigny premier cru Les Baudes"
150,"Chambolle-Musigny",457,"Chambolle-Musigny premier cru Les Borniques"
150,"Chambolle-Musigny",458,"Chambolle-Musigny premier cru Les Carrières"
150,"Chambolle-Musigny",459,"Chambolle-Musigny premier cru Les Chabiots"
150,"Chambolle-Musigny",460,"Chambolle-Musigny premier cru Les Charmes"
150,"Chambolle-Musigny",461,"Chambolle-Musigny premier cru Les Chatelots"
150,"Chambolle-Musigny",462,"Chambolle-Musigny premier cru Les Combottes"
150,"Chambolle-Musigny",463,"Chambolle-Musigny premier cru Les Cras"
150,"Chambolle-Musigny",464,"Chambolle-Musigny premier cru Les Feusselottes ou Les Feusselotes"
150,"Chambolle-Musigny",465,"Chambolle-Musigny premier cru Les Fuées"
150,"Chambolle-Musigny",466,"Chambolle-Musigny premier cru Les Groseilles"
150,"Chambolle-Musigny",467,"Chambolle-Musigny premier cru Les Gruenchers"
150,"Chambolle-Musigny",468,"Chambolle-Musigny premier cru Les Hauts Doix"
150,"Chambolle-Musigny",469,"Chambolle-Musigny premier cru Les Lavrottes"
150,"Chambolle-Musigny",470,"Chambolle-Musigny premier cru Les Noirots"
150,"Chambolle-Musigny",471,"Chambolle-Musigny premier cru Les Plantes"
150,"Chambolle-Musigny",472,"Chambolle-Musigny premier cru Les Sentiers"
150,"Chambolle-Musigny",473,"Chambolle-Musigny premier cru Les Véroilles"
150,"Chambolle-Musigny",474,"Chambolle-Musigny premier cru"
151,"Chapelle-Chambertin",475,"Chapelle-Chambertin"
152,"Charlemagne",476,"Charlemagne"
153,"Charmes-Chambertin",477,"Charmes-Chambertin"
154,"Chassagne-Montrachet",478,"Chassagne-Montrachet"
154,"Chassagne-Montrachet",479,"Chassagne-Montrachet premier cru Abbaye de Morgeot"
154,"Chassagne-Montrachet",480,"Chassagne-Montrachet premier cru Blanchot dessus"
154,"Chassagne-Montrachet",481,"Chassagne-Montrachet premier cru Bois de Chassagne"
154,"Chassagne-Montrachet",482,"Chassagne-Montrachet premier cru Cailleret"
154,"Chassagne-Montrachet",483,"Chassagne-Montrachet premier cru Champs Jendreau"
154,"Chassagne-Montrachet",484,"Chassagne-Montrachet premier cru Chassagne"
154,"Chassagne-Montrachet",485,"Chassagne-Montrachet premier cru Chassagne du Clos Saint-Jean"
154,"Chassagne-Montrachet",486,"Chassagne-Montrachet premier cru Clos Chareau"
154,"Chassagne-Montrachet",487,"Chassagne-Montrachet premier cru Clos Pitois"
154,"Chassagne-Montrachet",488,"Chassagne-Montrachet premier cru Clos Saint-Jean"
154,"Chassagne-Montrachet",489,"Chassagne-Montrachet premier cru Dent de Chien"
154,"Chassagne-Montrachet",490,"Chassagne-Montrachet premier cru En Cailleret"
154,"Chassagne-Montrachet",491,"Chassagne-Montrachet premier cru En Remilly"
154,"Chassagne-Montrachet",492,"Chassagne-Montrachet premier cru En Virondot"
154,"Chassagne-Montrachet",493,"Chassagne-Montrachet premier cru Ez Crets"
154,"Chassagne-Montrachet",494,"Chassagne-Montrachet premier cru Ez Crottes"
154,"Chassagne-Montrachet",495,"Chassagne-Montrachet premier cru Francemont"
154,"Chassagne-Montrachet",496,"Chassagne-Montrachet premier cru Guerchère"
154,"Chassagne-Montrachet",497,"Chassagne-Montrachet premier cru La Boudriotte"
154,"Chassagne-Montrachet",498,"Chassagne-Montrachet premier cru La Cardeuse"
154,"Chassagne-Montrachet",499,"Chassagne-Montrachet premier cru La Chapelle"
154,"Chassagne-Montrachet",500,"Chassagne-Montrachet premier cru La Grande Borne"
154,"Chassagne-Montrachet",501,"Chassagne-Montrachet premier cru La Grande Montagne"
154,"Chassagne-Montrachet",502,"Chassagne-Montrachet premier cru La Maltroie"
154,"Chassagne-Montrachet",503,"Chassagne-Montrachet premier cru La Romanée"
154,"Chassagne-Montrachet",504,"Chassagne-Montrachet premier cru La Roquemaure"
154,"Chassagne-Montrachet",505,"Chassagne-Montrachet premier cru Les Baudines"
154,"Chassagne-Montrachet",506,"Chassagne-Montrachet premier cru Les Boirettes"
154,"Chassagne-Montrachet",507,"Chassagne-Montrachet premier cru Les Bondues"
154,"Chassagne-Montrachet",508,"Chassagne-Montrachet premier cru Les Brussonnes"
154,"Chassagne-Montrachet",509,"Chassagne-Montrachet premier cru Les Champs gain"
154,"Chassagne-Montrachet",510,"Chassagne-Montrachet premier cru Les Chaumes"
154,"Chassagne-Montrachet",511,"Chassagne-Montrachet premier cru Les Chaumées"
154,"Chassagne-Montrachet",512,"Chassagne-Montrachet premier cru Les Chenevottes"
154,"Chassagne-Montrachet",513,"Chassagne-Montrachet premier cru Les Combards"
154,"Chassagne-Montrachet",514,"Chassagne-Montrachet premier cru Les Commes"
154,"Chassagne-Montrachet",515,"Chassagne-Montrachet premier cru Les Embazées"
154,"Chassagne-Montrachet",516,"Chassagne-Montrachet premier cru Les Fairendes"
154,"Chassagne-Montrachet",517,"Chassagne-Montrachet premier cru Les Grandes Ruchottes"
154,"Chassagne-Montrachet",518,"Chassagne-Montrachet premier cru Les Grands Clos"
154,"Chassagne-Montrachet",519,"Chassagne-Montrachet premier cru Les Macherelles"
154,"Chassagne-Montrachet",520,"Chassagne-Montrachet premier cru Les Murées"
154,"Chassagne-Montrachet",521,"Chassagne-Montrachet premier cru Les Pasquelles"
154,"Chassagne-Montrachet",522,"Chassagne-Montrachet premier cru Les Petites Fairendes"
154,"Chassagne-Montrachet",523,"Chassagne-Montrachet premier cru Les Petits Clos"
154,"Chassagne-Montrachet",524,"Chassagne-Montrachet premier cru Les Places"
154,"Chassagne-Montrachet",525,"Chassagne-Montrachet premier cru Les Rebichets"
154,"Chassagne-Montrachet",526,"Chassagne-Montrachet premier cru Les Vergers"
154,"Chassagne-Montrachet",527,"Chassagne-Montrachet premier cru Morgeot"
154,"Chassagne-Montrachet",528,"Chassagne-Montrachet premier cru Petingeret"
154,"Chassagne-Montrachet",529,"Chassagne-Montrachet premier cru Tonton Marcel"
154,"Chassagne-Montrachet",530,"Chassagne-Montrachet premier cru Tête du Clos"
154,"Chassagne-Montrachet",531,"Chassagne-Montrachet premier cru Vide Bourse"
154,"Chassagne-Montrachet",532,"Chassagne-Montrachet premier cru Vigne Blanche"
154,"Chassagne-Montrachet",533,"Chassagne-Montrachet premier cru Vigne Derrière"
154,"Chassagne-Montrachet",534,"Chassagne-Montrachet premier cru"
155,"Château-Chalon",535,"Château-Chalon"
156,"Chénas",536,"Chénas"
157,"Chevalier-Montrachet",539,"Chevalier-Montrachet"
158,"Chiroubles",540,"Chiroubles"
159,"Chorey-lès-Beaune",2049,"Chorey-lès-Beaune ou Chorey-lès-Beaune Côte de Beaune"
159,"Chorey-lès-Beaune",543,"Chorey-lès-Beaune"
160,"Clos de la Roche",544,"Clos de la Roche"
161,"Clos de Tart",545,"Clos de Tart"
162,"Clos de Vougeot ou Clos Vougeot",546,"Clos de Vougeot ou Clos Vougeot"
163,"Clos des Lambrays",547,"Clos des Lambrays"
164,"Clos Saint-Denis",548,"Clos Saint-Denis"
165,"Corton",2348,"Corton Basses Mourottes"
165,"Corton",2349,"Corton Clos des Meix"
165,"Corton",2350,"Corton Hautes Mourottes"
165,"Corton",2351,"Corton La Toppe au Vert"
165,"Corton",2352,"Corton La Vigne au Saint"
165,"Corton",2353,"Corton Le Clos du Roi"
165,"Corton",2354,"Corton Le Corton"
165,"Corton",2355,"Corton Le Meix Lallemand"
165,"Corton",2356,"Corton Le Rognet et Corton"
165,"Corton",2357,"Corton Les Bressandes"
165,"Corton",2358,"Corton Les Carrières"
165,"Corton",2359,"Corton Les Chaumes"
165,"Corton",2360,"Corton Les Combes"
165,"Corton",2361,"Corton Les Fiètres"
165,"Corton",2362,"Corton Les Grandes Lolières"
165,"Corton",2363,"Corton Les Grèves"
165,"Corton",2364,"Corton Les Languettes"
165,"Corton",2365,"Corton Les Maréchaudes"
165,"Corton",2366,"Corton Les Moutottes"
165,"Corton",2367,"Corton Les Paulands"
165,"Corton",2368,"Corton Les Perrières"
165,"Corton",2369,"Corton Les Pougets"
165,"Corton",2370,"Corton Les Renardes"
165,"Corton",2371,"Corton Les Vergennes"
165,"Corton",549,"Corton"
166,"Corton-Charlemagne",550,"Corton-Charlemagne"
167,"Côte de Beaune",551,"Côte de Beaune"
168,"Côte de Beaune-Villages",552,"Côte de Beaune-Villages"
169,"Côte de Brouilly",553,"Côte de Brouilly"
170,"Côte roannaise",556,"Côte roannaise"
171,"Côte de Nuits-Villages ou Vins fins de la Côte de Nuits",557,"Côte de Nuits-Villages ou Vins fins de la Côte de Nuits"
172,"Coteaux du Lyonnais",558,"Coteaux du Lyonnais"
173,"Côtes du Jura",559,"Côtes du Jura"
175,"Crémant de Bourgogne",561,"Crémant de Bourgogne"
176,"Crémant du Jura",562,"Crémant du Jura"
178,"Criots-Bâtard-Montrachet",564,"Criots-Bâtard-Montrachet"
179,"Echezeaux",565,"Echezeaux"
180,"Fixin",2372,"Fixin premier cru Les Meix Bas"
180,"Fixin",566,"Fixin"
180,"Fixin",569,"Fixin premier cru Arvelets"
180,"Fixin",570,"Fixin premier cru Clos Napoléon"
180,"Fixin",571,"Fixin premier cru Clos de la Perrière"
180,"Fixin",572,"Fixin premier cru Clos du Chapitre"
180,"Fixin",573,"Fixin premier cru Hervelets"
180,"Fixin",574,"Fixin premier cru"
181,"Fleurie",575,"Fleurie"
182,"Gevrey-Chambertin",589,"Gevrey-Chambertin"
182,"Gevrey-Chambertin",590,"Gevrey-Chambertin premier cru Au Closeau"
182,"Gevrey-Chambertin",591,"Gevrey-Chambertin premier cru Aux Combottes"
182,"Gevrey-Chambertin",592,"Gevrey-Chambertin premier cru Bel Air"
182,"Gevrey-Chambertin",593,"Gevrey-Chambertin premier cru Champeaux"
182,"Gevrey-Chambertin",594,"Gevrey-Chambertin premier cru Champonnet"
182,"Gevrey-Chambertin",595,"Gevrey-Chambertin premier cru Cherbaudes"
182,"Gevrey-Chambertin",596,"Gevrey-Chambertin premier cru Clos Prieur"
182,"Gevrey-Chambertin",597,"Gevrey-Chambertin premier cru Clos Saint-Jacques"
182,"Gevrey-Chambertin",598,"Gevrey-Chambertin premier cru Clos des Varoilles"
182,"Gevrey-Chambertin",599,"Gevrey-Chambertin premier cru Clos du Chapitre"
182,"Gevrey-Chambertin",600,"Gevrey-Chambertin premier cru Combe au Moine"
182,"Gevrey-Chambertin",601,"Gevrey-Chambertin premier cru Craipillot"
182,"Gevrey-Chambertin",602,"Gevrey-Chambertin premier cru En Ergot"
182,"Gevrey-Chambertin",603,"Gevrey-Chambertin premier cru Estournelles-Saint-Jacques"
182,"Gevrey-Chambertin",604,"Gevrey-Chambertin premier cru Fonteny"
182,"Gevrey-Chambertin",605,"Gevrey-Chambertin premier cru Issarts"
182,"Gevrey-Chambertin",606,"Gevrey-Chambertin premier cru La Bossière"
182,"Gevrey-Chambertin",607,"Gevrey-Chambertin premier cru La Perrière"
182,"Gevrey-Chambertin",608,"Gevrey-Chambertin premier cru La Romanée"
182,"Gevrey-Chambertin",609,"Gevrey-Chambertin premier cru Lavaut Saint-Jacques"
182,"Gevrey-Chambertin",610,"Gevrey-Chambertin premier cru Les Cazetiers"
182,"Gevrey-Chambertin",611,"Gevrey-Chambertin premier cru Les Corbeaux"
182,"Gevrey-Chambertin",612,"Gevrey-Chambertin premier cru Les Goulots"
182,"Gevrey-Chambertin",613,"Gevrey-Chambertin premier cru Petite Chapelle"
182,"Gevrey-Chambertin",614,"Gevrey-Chambertin premier cru Petits Cazetiers"
182,"Gevrey-Chambertin",615,"Gevrey-Chambertin premier cru Poissenot"
182,"Gevrey-Chambertin",616,"Gevrey-Chambertin premier cru"
183,"Givry",2324,"Givry premier cru Champ Nalot"
183,"Givry",2325,"Givry premier cru En Veau"
183,"Givry",2326,"Givry premier cru La Brûlée"
183,"Givry",2327,"Givry premier cru La Matrosse"
183,"Givry",2328,"Givry premier cru La Petite Berge"
183,"Givry",2329,"Givry premier cru Le Champ Lalot"
183,"Givry",2330,"Givry premier cru Le Médenchot"
183,"Givry",2331,"Givry premier cru Le Pied de Chaume"
183,"Givry",2332,"Givry premier cru Le Pied du Clou"
183,"Givry",2334,"Givry premier cru Les Combes"
183,"Givry",2335,"Givry premier cru Les Galaffres"
183,"Givry",617,"Givry"
183,"Givry",618,"Givry premier cru Clos du Cellier aux Moines"
183,"Givry",619,"Givry premier cru Clos Charlé"
183,"Givry",620,"Givry premier cru Clos Jus"
183,"Givry",621,"Givry premier cru Clos Marceaux"
183,"Givry",622,"Givry premier cru Clos Marole"
183,"Givry",623,"Givry premier cru Clos-Saint-Paul"
183,"Givry",624,"Givry premier cru Clos-Saint-Pierre"
183,"Givry",625,"Givry premier cru Clos Salomon"
183,"Givry",626,"Givry premier cru Clos de la Baraude"
183,"Givry",627,"Givry premier cru Clos du Cras long"
183,"Givry",628,"Givry premier cru Clos du Vernoy"
183,"Givry",629,"Givry premier cru Les Bois Chevaux"
183,"Givry",630,"Givry premier cru Les Grandes Vignes"
183,"Givry",631,"Givry premier cru Les Grands Prétans"
183,"Givry",632,"Givry premier cru Petit Marole"
183,"Givry",633,"Givry premier cru Servoisine"
183,"Givry",634,"Givry premier cru Le Petit Prétan"
183,"Givry",635,"Givry premier cru Le Paradis"
183,"Givry",636,"Givry premier cru Le Vigron"
183,"Givry",637,"Givry premier cru Les Bois Gautiers"
183,"Givry",638,"Givry premier cru A Vigne Rouge"
183,"Givry",639,"Givry premier cru La Plante"
183,"Givry",640,"Givry premier cru Crausot"
183,"Givry",641,"Givry premier cru Crémillons"
183,"Givry",642,"Givry premier cru La Grande Berge"
183,"Givry",643,"Givry premier cru En Choué"
183,"Givry",644,"Givry premier cru"
184,"Grands-Echezeaux",645,"Grands-Echezeaux"
185,"Griotte-Chambertin",646,"Griotte-Chambertin"
186,"Juliénas",647,"Juliénas"
187,"L'Etoile",652,"L'Etoile"
189,"La Grande Rue",654,"La Grande Rue"
190,"La Romanée",655,"La Romanée"
191,"La Tâche",656,"La Tâche"
192,"Ladoix",1987,"Ladoix premier cru En Naget"
192,"Ladoix",1988,"Ladoix premier cru Le Rognet et Corton"
192,"Ladoix",1989,"Ladoix premier cru Les Buis"
192,"Ladoix",1990,"Ladoix premier cru Les Grêchons et Foutrières"
192,"Ladoix",2059,"Ladoix ou Ladoix Côte de Beaune"
192,"Ladoix",657,"Ladoix"
192,"Ladoix",658,"Ladoix premier cru Basses Mourottes"
192,"Ladoix",659,"Ladoix premier cru Bois Roussot"
192,"Ladoix",660,"Ladoix premier cru Hautes Mourottes"
192,"Ladoix",661,"Ladoix premier cru La Corvée"
192,"Ladoix",662,"Ladoix premier cru La Micaude"
192,"Ladoix",663,"Ladoix premier cru Le Clou d'Orge"
192,"Ladoix",664,"Ladoix premier cru Les Joyeuses"
192,"Ladoix",665,"Ladoix premier cru"
193,"Latricières-Chambertin",666,"Latricières-Chambertin"
198,"Maranges",2061,"Maranges ou Maranges Côte de Beaune"
198,"Maranges",797,"Maranges"
198,"Maranges",798,"Maranges premier cru Clos de la Boutière"
198,"Maranges",799,"Maranges premier cru Clos de la Fussière"
198,"Maranges",800,"Maranges premier cru La Fussière"
198,"Maranges",801,"Maranges premier cru Le Clos des Loyères"
198,"Maranges",802,"Maranges premier cru Le Clos des Rois"
198,"Maranges",803,"Maranges premier cru Le Croix Moines"
198,"Maranges",804,"Maranges premier cru Les Clos Roussots"
198,"Maranges",805,"Maranges premier cru"
199,"Marsannay",806,"Marsannay"
201,"Mazis-Chambertin",808,"Mazis-Chambertin"
202,"Mazoyères-Chambertin",809,"Mazoyères-Chambertin"
203,"Mercurey",810,"Mercurey"
203,"Mercurey",811,"Mercurey premier cru Clos Marcilly"
203,"Mercurey",812,"Mercurey premier cru Clos Tonnerre"
203,"Mercurey",813,"Mercurey premier cru Clos Voyens"
203,"Mercurey",814,"Mercurey premier cru Clos de Paradis"
203,"Mercurey",815,"Mercurey premier cru Clos des Barraults"
203,"Mercurey",816,"Mercurey premier cru Clos des grands Voyens"
203,"Mercurey",817,"Mercurey Premier Cru Clos des Montaigus"
203,"Mercurey",818,"Mercurey premier cru Clos des Myglands"
203,"Mercurey",819,"Mercurey Premier Cru Clos du Château de Montaigu"
203,"Mercurey",820,"Mercurey premier cru Grand Clos Fortoul"
203,"Mercurey",821,"Mercurey premier cru Griffères"
203,"Mercurey",822,"Mercurey premier cru La Bondue"
203,"Mercurey",823,"Mercurey premier cru La Cailloute"
203,"Mercurey",824,"Mercurey premier cru La Chassière"
203,"Mercurey",825,"Mercurey premier cru La Levrière"
203,"Mercurey",826,"Mercurey premier cru La Mission"
203,"Mercurey",827,"Mercurey premier cru Le Clos du Roy"
203,"Mercurey",828,"Mercurey premier cru Le Clos l'Evêque"
203,"Mercurey",829,"Mercurey premier cru Les Byots"
203,"Mercurey",830,"Mercurey premier cru Les Champs Martin"
203,"Mercurey",831,"Mercurey premier cru Les Combins"
203,"Mercurey",832,"Mercurey premier cru Les Croichots"
203,"Mercurey",833,"Mercurey premier cru Les Crêts"
203,"Mercurey",834,"Mercurey premier cru Les Fourneaux"
203,"Mercurey",835,"Mercurey premier cru Les Montaigus"
203,"Mercurey",836,"Mercurey premier cru Les Naugues"
203,"Mercurey",837,"Mercurey premier cru Les Ruelles"
203,"Mercurey",838,"Mercurey premier cru Les Vasées"
203,"Mercurey",839,"Mercurey premier cru Les Velley"
203,"Mercurey",840,"Mercurey premier cru Sazenay"
203,"Mercurey",841,"Mercurey premier cru Les Puillets"
203,"Mercurey",842,"Mercurey premier cru Les Saumonts"
203,"Mercurey",843,"Mercurey premier cru"
204,"Meursault",1991,"Meursault premier cru Les Ravelles"
204,"Meursault",2062,"Meursault ou Meursault Côte de Beaune"
204,"Meursault",2373,"Meursault premier cru Blagny"
204,"Meursault",844,"Meursault"
204,"Meursault",845,"Meursault premier cru Charmes"
204,"Meursault",846,"Meursault premier cru Clos des Perrières"
204,"Meursault",847,"Meursault premier cru Genevrières"
204,"Meursault",848,"Meursault premier cru La Jeunellotte"
204,"Meursault",849,"Meursault premier cru La Pièce sous le Bois"
204,"Meursault",850,"Meursault premier cru Le Porusot"
204,"Meursault",851,"Meursault premier cru Les Bouchères"
204,"Meursault",852,"Meursault premier cru Les Caillerets"
204,"Meursault",853,"Meursault premier cru Les Cras"
204,"Meursault",854,"Meursault premier cru Les Gouttes d'Or"
204,"Meursault",855,"Meursault premier cru Les Plures"
204,"Meursault",856,"Meursault premier cru Les Santenots Blancs"
204,"Meursault",857,"Meursault premier cru Les Santenots du Milieu"
204,"Meursault",858,"Meursault premier cru Perrières"
204,"Meursault",859,"Meursault premier cru Porusot"
204,"Meursault",860,"Meursault premier cru Sous Blagny"
204,"Meursault",861,"Meursault premier cru Sous le Dos d'Ane"
204,"Meursault",862,"Meursault premier cru"
205,"Montagny",863,"Montagny"
205,"Montagny",864,"Montagny premier cru Champ Toizeau"
205,"Montagny",865,"Montagny premier cru Chazelle"
205,"Montagny",866,"Montagny premier cru Cornevent"
205,"Montagny",867,"Montagny premier cru Creux de Beaux Champs"
205,"Montagny",868,"Montagny premier cru L'Epaule"
205,"Montagny",869,"Montagny premier cru La Condemine du Vieux Château"
205,"Montagny",870,"Montagny premier cru La Grande Pièce"
205,"Montagny",871,"Montagny premier cru La Moullière"
205,"Montagny",872,"Montagny premier cru Le Clos Chaudron"
205,"Montagny",873,"Montagny premier cru Le Clouzot"
205,"Montagny",874,"Montagny premier cru Le Vieux Château"
205,"Montagny",875,"Montagny premier cru Les Bassets"
205,"Montagny",876,"Montagny premier cru Les Beaux Champs"
205,"Montagny",877,"Montagny premier cru Les Bonneveaux"
205,"Montagny",878,"Montagny premier cru Les Bordes"
205,"Montagny",879,"Montagny premier cru Les Bouchots"
205,"Montagny",880,"Montagny premier cru Les Burnins"
205,"Montagny",881,"Montagny premier cru Les Chaniots"
205,"Montagny",882,"Montagny premier cru Les Chaumelottes"
205,"Montagny",883,"Montagny premier cru Le Cloux"
205,"Montagny",884,"Montagny premier cru Les Combes"
205,"Montagny",885,"Montagny premier cru Les Coudrettes"
205,"Montagny",886,"Montagny premier cru Les Coères"
205,"Montagny",887,"Montagny premier cru Les Craboulettes"
205,"Montagny",888,"Montagny premier cru Les Garchères"
205,"Montagny",889,"Montagny premier cru Les Gouresses"
205,"Montagny",890,"Montagny premier cru Les Jardins"
205,"Montagny",891,"Montagny premier cru Les Las"
205,"Montagny",892,"Montagny premier cru Les Macles"
205,"Montagny",893,"Montagny premier cru Les Maroques"
205,"Montagny",894,"Montagny premier cru Les Paquiers"
205,"Montagny",895,"Montagny premier cru Les Perrières"
205,"Montagny",896,"Montagny premier cru Les Pidances"
205,"Montagny",897,"Montagny premier cru Les Platières"
205,"Montagny",898,"Montagny premier cru Les Resses"
205,"Montagny",899,"Montagny premier cru Les Treuffères"
205,"Montagny",900,"Montagny premier cru Les Vignes Derrière"
205,"Montagny",901,"Montagny premier cru Les Vignes longues"
205,"Montagny",902,"Montagny premier cru Les Vignes des Prés"
205,"Montagny",903,"Montagny premier cru Vignes sur le Cloux"
205,"Montagny",904,"Montagny premier cru Montcuchot"
205,"Montagny",905,"Montagny premier cru Mont Laurent"
205,"Montagny",906,"Montagny premier cru Montorge"
205,"Montagny",907,"Montagny premier cru Sainte-Morille"
205,"Montagny",908,"Montagny premier cru Saint-Ytages"
205,"Montagny",909,"Montagny premier cru Sous les Feilles"
205,"Montagny",910,"Montagny premier cru Vigne du soleil"
205,"Montagny",911,"Montagny premier cru Vignes Couland"
205,"Montagny",912,"Montagny premier cru Vignes Saint-Pierre"
205,"Montagny",913,"Montagny premier cru"
206,"Monthélie",1992,"Monthélie premier cru Clos des Toisières"
206,"Monthélie",1993,"Monthélie premier cru Le Clou des Chênes"
206,"Monthélie",1994,"Monthélie premier cru Les Barbières"
206,"Monthélie",1995,"Monthélie premier cru Les Clous"
206,"Monthélie",914,"Monthélie"
206,"Monthélie",915,"Monthélie premier cru La Taupine"
206,"Monthélie",916,"Monthélie premier cru Le Cas Rougeot"
206,"Monthélie",917,"Monthélie premier cru Le Château Gaillard"
206,"Monthélie",918,"Monthélie premier cru Le Clos Gauthey"
206,"Monthélie",919,"Monthélie premier cru Le Meix Bataille"
206,"Monthélie",920,"Monthélie premier cru Le Village"
206,"Monthélie",921,"Monthélie premier cru Les Champs Fulliots"
206,"Monthélie",922,"Monthélie premier cru Les Duresses"
206,"Monthélie",923,"Monthélie premier cru Les Riottes"
206,"Monthélie",924,"Monthélie premier cru Les Vignes Rondes"
206,"Monthélie",925,"Monthélie premier cru Sur la Velle"
206,"Monthélie",926,"Monthélie premier cru"
207,"Montrachet",927,"Montrachet"
208,"Morey-Saint-Denis",928,"Morey-Saint-Denis"
208,"Morey-Saint-Denis",929,"Morey-Saint-Denis premier cru Aux Charmes"
208,"Morey-Saint-Denis",930,"Morey-Saint-Denis premier cru Aux Cheseaux"
208,"Morey-Saint-Denis",931,"Morey-Saint-Denis premier cru Clos Baulet"
208,"Morey-Saint-Denis",932,"Morey-Saint-Denis premier cru Clos Sorbè"
208,"Morey-Saint-Denis",933,"Morey-Saint-Denis premier cru Clos des Ormes"
208,"Morey-Saint-Denis",934,"Morey-Saint-Denis premier cru Côte Rotie"
208,"Morey-Saint-Denis",935,"Morey-Saint-Denis premier cru La Bussière"
208,"Morey-Saint-Denis",936,"Morey-Saint-Denis premier cru La Riotte"
208,"Morey-Saint-Denis",937,"Morey-Saint-Denis premier cru Le Village"
208,"Morey-Saint-Denis",938,"Morey-Saint-Denis premier cru Les Blanchards"
208,"Morey-Saint-Denis",939,"Morey-Saint-Denis premier cru Les Chaffots"
208,"Morey-Saint-Denis",940,"Morey-Saint-Denis premier cru Les Charrières"
208,"Morey-Saint-Denis",941,"Morey-Saint-Denis premier cru Les Chenevery"
208,"Morey-Saint-Denis",942,"Morey-Saint-Denis premier cru Les Faconnières"
208,"Morey-Saint-Denis",943,"Morey-Saint-Denis premier cru Les Genavrières"
208,"Morey-Saint-Denis",944,"Morey-Saint-Denis premier cru Les Gruenchers"
208,"Morey-Saint-Denis",945,"Morey-Saint-Denis premier cru Les Millandes"
208,"Morey-Saint-Denis",946,"Morey-Saint-Denis premier cru Les Ruchots"
208,"Morey-Saint-Denis",947,"Morey-Saint-Denis premier cru Les Sorbès"
208,"Morey-Saint-Denis",948,"Morey-Saint-Denis premier cru Monts Luisants"
208,"Morey-Saint-Denis",949,"Morey-Saint-Denis premier cru"
209,"Morgon",950,"Morgon"
210,"Moulin-à-Vent",958,"Moulin-à-Vent"
211,"Musigny",973,"Musigny"
212,"Nuits-Saint-Georges",1000,"Nuits-Saint-Georges premier cru Les Chabœufs"
212,"Nuits-Saint-Georges",1001,"Nuits-Saint-Georges premier cru Les Crots"
212,"Nuits-Saint-Georges",1002,"Nuits-Saint-Georges premier cru Les Damodes"
212,"Nuits-Saint-Georges",1003,"Nuits-Saint-Georges premier cru Les Didiers"
212,"Nuits-Saint-Georges",1004,"Nuits-Saint-Georges premier cru Les Hauts Pruliers"
212,"Nuits-Saint-Georges",1005,"Nuits-Saint-Georges premier cru Les Perrières"
212,"Nuits-Saint-Georges",1006,"Nuits-Saint-Georges premier cru Les Porrets-Saint-Georges"
212,"Nuits-Saint-Georges",1007,"Nuits-Saint-Georges premier cru Les Poulettes"
212,"Nuits-Saint-Georges",1008,"Nuits-Saint-Georges premier cru Les Procès"
212,"Nuits-Saint-Georges",1009,"Nuits-Saint-Georges premier cru Les Pruliers"
212,"Nuits-Saint-Georges",1010,"Nuits-Saint-Georges premier cru Les Saints-Georges"
212,"Nuits-Saint-Georges",1011,"Nuits-Saint-Georges premier cru Les Terres Blanches"
212,"Nuits-Saint-Georges",1012,"Nuits-Saint-Georges premier cru Les Vallerots"
212,"Nuits-Saint-Georges",1013,"Nuits-Saint-Georges premier cru Les Vaucrains"
212,"Nuits-Saint-Georges",1014,"Nuits-Saint-Georges premier cru Roncière"
212,"Nuits-Saint-Georges",1015,"Nuits-Saint-Georges premier cru Rue de Chaux"
212,"Nuits-Saint-Georges",1016,"Nuits-Saint-Georges premier cru"
212,"Nuits-Saint-Georges",974,"Nuits-Saint-Georges"
212,"Nuits-Saint-Georges",975,"Nuits-Saint-Georges premier cru Aux Argillas"
212,"Nuits-Saint-Georges",976,"Nuits-Saint-Georges premier cru Aux Boudots"
212,"Nuits-Saint-Georges",977,"Nuits-Saint-Georges premier cru Aux Bousselots"
212,"Nuits-Saint-Georges",978,"Nuits-Saint-Georges premier cru Aux Chaignots"
212,"Nuits-Saint-Georges",979,"Nuits-Saint-Georges premier cru Aux Champs Perdrix"
212,"Nuits-Saint-Georges",980,"Nuits-Saint-Georges premier cru Aux Cras"
212,"Nuits-Saint-Georges",981,"Nuits-Saint-Georges premier cru Aux Murgers"
212,"Nuits-Saint-Georges",982,"Nuits-Saint-Georges premier cru Aux Perdrix"
212,"Nuits-Saint-Georges",983,"Nuits-Saint-Georges premier cru Aux Thorey"
212,"Nuits-Saint-Georges",984,"Nuits-Saint-Georges premier cru Aux Vignerondes"
212,"Nuits-Saint-Georges",985,"Nuits-Saint-Georges premier cru Chaines Carteaux"
212,"Nuits-Saint-Georges",986,"Nuits-Saint-Georges premier cru Château Gris"
212,"Nuits-Saint-Georges",987,"Nuits-Saint-Georges premier cru Clos Arlot"
212,"Nuits-Saint-Georges",988,"Nuits-Saint-Georges premier cru Clos Saint-Marc"
212,"Nuits-Saint-Georges",989,"Nuits-Saint-Georges premier cru Clos de la Maréchale"
212,"Nuits-Saint-Georges",990,"Nuits-Saint-Georges premier cru Clos des Argillières"
212,"Nuits-Saint-Georges",991,"Nuits-Saint-Georges premier cru Clos des Corvées"
212,"Nuits-Saint-Georges",992,"Nuits-Saint-Georges premier cru Clos des Corvées Pagets"
212,"Nuits-Saint-Georges",993,"Nuits-Saint-Georges premier cru Clos des Forêts Saint-Georges"
212,"Nuits-Saint-Georges",994,"Nuits-Saint-Georges premier cru Clos des Grandes Vignes"
212,"Nuits-Saint-Georges",995,"Nuits-Saint-Georges premier cru Clos des Porrets-Saint-Georges"
212,"Nuits-Saint-Georges",996,"Nuits-Saint-Georges premier cru En la Perrière Noblot"
212,"Nuits-Saint-Georges",997,"Nuits-Saint-Georges premier cru La Richemone"
212,"Nuits-Saint-Georges",998,"Nuits-Saint-Georges premier cru Les Argillières"
212,"Nuits-Saint-Georges",999,"Nuits-Saint-Georges premier cru Les Cailles"
213,"Pernand-Vergelesses",1017,"Pernand-Vergelesses"
213,"Pernand-Vergelesses",1018,"Pernand-Vergelesses premier cru Creux de la Net"
213,"Pernand-Vergelesses",1019,"Pernand-Vergelesses premier cru En Caradeux"
213,"Pernand-Vergelesses",1020,"Pernand-Vergelesses premier cru Ile des Vergelesses"
213,"Pernand-Vergelesses",1021,"Pernand-Vergelesses premier cru Les Fichots"
213,"Pernand-Vergelesses",1022,"Pernand-Vergelesses premier cru Vergelesses"
213,"Pernand-Vergelesses",1023,"Pernand-Vergelesses premier cru"
213,"Pernand-Vergelesses",1984,"Pernand-Vergelesses premier cru Sous Frétille"
213,"Pernand-Vergelesses",1985,"Pernand-Vergelesses premier cru Clos Berthet"
213,"Pernand-Vergelesses",1986,"Pernand-Vergelesses premier cru Village de Pernand"
214,"Petit Chablis",1024,"Petit Chablis"
215,"Pommard",1025,"Pommard"
215,"Pommard",1026,"Pommard premier cru Clos Blanc"
215,"Pommard",1027,"Pommard premier cru Clos de Verger"
215,"Pommard",1028,"Pommard premier cru Clos de la Commaraine"
215,"Pommard",1029,"Pommard premier cru Clos des Epeneaux"
215,"Pommard",1030,"Pommard premier cru Derrière Saint-Jean"
215,"Pommard",1031,"Pommard premier cru En Largillière"
215,"Pommard",1032,"Pommard premier cru La Chanière"
215,"Pommard",1033,"Pommard premier cru La Platière"
215,"Pommard",1034,"Pommard premier cru La Refène"
215,"Pommard",1035,"Pommard premier cru Le Clos Micot"
215,"Pommard",1036,"Pommard premier cru Le Village"
215,"Pommard",1037,"Pommard premier cru Les Arvelets"
215,"Pommard",1038,"Pommard premier cru Les Bertins"
215,"Pommard",1039,"Pommard premier cru Les Boucherottes"
215,"Pommard",1040,"Pommard premier cru Les Chanlins-Bas"
215,"Pommard",1041,"Pommard premier cru Les Chaponnières"
215,"Pommard",1042,"Pommard premier cru Les Charmots"
215,"Pommard",1043,"Pommard premier cru Les Combes Dessus"
215,"Pommard",1044,"Pommard premier cru Les Croix Noires"
215,"Pommard",1045,"Pommard premier cru Les Fremiers"
215,"Pommard",1046,"Pommard premier cru Les Grands Epenots"
215,"Pommard",1047,"Pommard premier cru Les Jarolières"
215,"Pommard",1048,"Pommard premier cru Les Petits Epenots"
215,"Pommard",1049,"Pommard premier cru Les Poutures"
215,"Pommard",1050,"Pommard premier cru Les Pézerolles"
215,"Pommard",1051,"Pommard premier cru Les Rugiens Bas"
215,"Pommard",1052,"Pommard premier cru Les Rugiens Hauts"
215,"Pommard",1053,"Pommard premier cru Les Saussilles"
215,"Pommard",1054,"Pommard premier cru"
216,"Pouilly-Fuissé",1055,"Pouilly-Fuissé"
216,"Pouilly-Fuissé",2866,"Pouilly-Fuissé premier cru Aux Quarts"
216,"Pouilly-Fuissé",2867,"Pouilly-Fuissé premier cru Le Clos Reyssier"
216,"Pouilly-Fuissé",2868,"Pouilly-Fuissé premier cru Le Clos de Monsieur Noly"
216,"Pouilly-Fuissé",2869,"Pouilly-Fuissé premier cru Les Chevrières"
216,"Pouilly-Fuissé",2870,"Pouilly-Fuissé premier cru Le Clos"
216,"Pouilly-Fuissé",2871,"Pouilly-Fuissé premier cru Les Brulés"
216,"Pouilly-Fuissé",2872,"Pouilly-Fuissé premier cru Les Ménétrières"
216,"Pouilly-Fuissé",2873,"Pouilly-Fuissé premier cru Les Perrières"
216,"Pouilly-Fuissé",2874,"Pouilly-Fuissé premier cru Les Reisses"
216,"Pouilly-Fuissé",2875,"Pouilly-Fuissé premier cru Les Vignes Blanches"
216,"Pouilly-Fuissé",2876,"Pouilly-Fuissé premier cru Vers Cras"
216,"Pouilly-Fuissé",2877,"Pouilly-Fuissé premier cru Au Vignerais"
216,"Pouilly-Fuissé",2878,"Pouilly-Fuissé premier cru Aux Bouthières"
216,"Pouilly-Fuissé",2879,"Pouilly-Fuissé premier cru Aux Chailloux"
216,"Pouilly-Fuissé",2880,"Pouilly-Fuissé premier cru En Servy"
216,"Pouilly-Fuissé",2881,"Pouilly-Fuissé premier cru La Frérie"
216,"Pouilly-Fuissé",2882,"Pouilly-Fuissé premier cru Le Clos de Solutré"
216,"Pouilly-Fuissé",2883,"Pouilly-Fuissé premier cru Pouilly"
216,"Pouilly-Fuissé",2884,"Pouilly-Fuissé premier cru En France"
216,"Pouilly-Fuissé",2885,"Pouilly-Fuissé premier cru La Maréchaude"
216,"Pouilly-Fuissé",2886,"Pouilly-Fuissé premier cru Les Crays"
216,"Pouilly-Fuissé",2887,"Pouilly-Fuissé premier cru Sur la Roche"
217,"Pouilly-Loché",1057,"Pouilly-Loché"
217,"Pouilly-Loché",1058,"Pouilly-Loché complété par une dénomination de climat"
218,"Pouilly-Vinzelles",1059,"Pouilly-Vinzelles"
219,"Puligny-Montrachet",1061,"Puligny-Montrachet ou Puligny-Montrachet Côte de Beaune"
219,"Puligny-Montrachet",1062,"Puligny-Montrachet premier cru Champ Canet"
219,"Puligny-Montrachet",1063,"Puligny-Montrachet premier cru Champ Gain"
219,"Puligny-Montrachet",1064,"Puligny-Montrachet premier cru Clavaillon"
219,"Puligny-Montrachet",1065,"Puligny-Montrachet premier cru Clos de la Garenne"
219,"Puligny-Montrachet",1066,"Puligny-Montrachet premier cru Clos de la Mouchère"
219,"Puligny-Montrachet",1067,"Puligny-Montrachet premier cru Hameau de Blagny"
219,"Puligny-Montrachet",1068,"Puligny-Montrachet premier cru La Garenne"
219,"Puligny-Montrachet",1069,"Puligny-Montrachet premier cru La Truffière"
219,"Puligny-Montrachet",1070,"Puligny-Montrachet premier cru Le Cailleret"
219,"Puligny-Montrachet",1071,"Puligny-Montrachet premier cru Les Chalumaux"
219,"Puligny-Montrachet",1072,"Puligny-Montrachet premier cru Les Combettes"
219,"Puligny-Montrachet",1073,"Puligny-Montrachet premier cru Les Demoiselles"
219,"Puligny-Montrachet",1074,"Puligny-Montrachet premier cru Les Folatières"
219,"Puligny-Montrachet",1075,"Puligny-Montrachet premier cru Les Perrières"
219,"Puligny-Montrachet",1076,"Puligny-Montrachet premier cru Les Pucelles"
219,"Puligny-Montrachet",1077,"Puligny-Montrachet premier cru Les Referts"
219,"Puligny-Montrachet",1078,"Puligny-Montrachet premier cru Sous le Puits"
219,"Puligny-Montrachet",1079,"Puligny-Montrachet premier cru"
219,"Puligny-Montrachet",2047,"Puligny-Montrachet"
220,"Régnié",1080,"Régnié"
221,"Richebourg",1083,"Richebourg"
222,"Romanée-Conti",1084,"Romanée-Conti"
223,"Romanée-Saint-Vivant",1085,"Romanée-Saint-Vivant"
224,"Ruchottes-Chambertin",1086,"Ruchottes-Chambertin"
225,"Rully",1087,"Rully"
225,"Rully",1088,"Rully premier cru Agneux"
225,"Rully",1089,"Rully premier cru Champs Cloux"
225,"Rully",1090,"Rully premier cru Chapitre"
225,"Rully",1091,"Rully premier cru Clos St Jacques"
225,"Rully",1092,"Rully premier cru Clos du Chaigne"
225,"Rully",1093,"Rully premier cru Cloux"
225,"Rully",1094,"Rully premier cru Grésigny"
225,"Rully",1095,"Rully premier cru La Bressande"
225,"Rully",1096,"Rully premier cru La Fosse"
225,"Rully",1097,"Rully premier cru La Pucelle"
225,"Rully",1098,"Rully premier cru La Renarde"
225,"Rully",1099,"Rully premier cru Les Pierres"
225,"Rully",1100,"Rully premier cru Margotés"
225,"Rully",1101,"Rully premier cru Marissou"
225,"Rully",1102,"Rully premier cru Le Meix Cadot"
225,"Rully",1103,"Rully premier cru Le Meix Caillet"
225,"Rully",1104,"Rully premier cru Molesme"
225,"Rully",1105,"Rully premier cru Montpalais"
225,"Rully",1106,"Rully premier cru Pillot"
225,"Rully",1107,"Rully premier cru Préaux"
225,"Rully",1108,"Rully premier cru Rabourcé"
225,"Rully",1109,"Rully premier cru Raclot"
225,"Rully",1110,"Rully premier cru Vauvry"
225,"Rully",1111,"Rully premier cru"
226,"Saint-Amour",1112,"Saint-Amour"
227,"Saint-Aubin",1125,"Saint-Aubin"
227,"Saint-Aubin",1126,"Saint-Aubin premier cru Bas de Vermarain à l'Est"
227,"Saint-Aubin",1127,"Saint-Aubin premier cru Derrière Chez Edouard"
227,"Saint-Aubin",1128,"Saint-Aubin premier cru Derrière la Tour"
227,"Saint-Aubin",1129,"Saint-Aubin premier cru Echaille"
227,"Saint-Aubin",1130,"Saint-Aubin premier cru En Créot"
227,"Saint-Aubin",1131,"Saint-Aubin premier cru En Montceau"
227,"Saint-Aubin",1132,"Saint-Aubin premier cru En Remilly"
227,"Saint-Aubin",1133,"Saint-Aubin premier cru En Vollon à l'Est"
227,"Saint-Aubin",1134,"Saint-Aubin premier cru En la Ranché"
227,"Saint-Aubin",1135,"Saint-Aubin premier cru Es Champs"
227,"Saint-Aubin",1136,"Saint-Aubin premier cru La Chatenière"
227,"Saint-Aubin",1137,"Saint-Aubin premier cru Le Bas de Gamay à l'Est"
227,"Saint-Aubin",1138,"Saint-Aubin premier cru Le Charmois"
227,"Saint-Aubin",1139,"Saint-Aubin premier cru Le Puits"
227,"Saint-Aubin",1140,"Saint-Aubin premier cru Les Castets"
227,"Saint-Aubin",1141,"Saint-Aubin premier cru Les Champlots"
227,"Saint-Aubin",1142,"Saint-Aubin premier cru Les Combes"
227,"Saint-Aubin",1143,"Saint-Aubin premier cru Les Combes au Sud"
227,"Saint-Aubin",1144,"Saint-Aubin premier cru Les Cortons"
227,"Saint-Aubin",1145,"Saint-Aubin premier cru Les Frionnes"
227,"Saint-Aubin",1146,"Saint-Aubin premier cru Les Murgers des dents de chien"
227,"Saint-Aubin",1147,"Saint-Aubin premier cru Les Perrières"
227,"Saint-Aubin",1148,"Saint-Aubin premier cru Les Travers de Marinot"
227,"Saint-Aubin",1149,"Saint-Aubin premier cru Marinot"
227,"Saint-Aubin",1150,"Saint-Aubin premier cru Pitangeret"
227,"Saint-Aubin",1151,"Saint-Aubin premier cru Sous Roche Dumay"
227,"Saint-Aubin",1152,"Saint-Aubin premier cru Sur Gamay"
227,"Saint-Aubin",1153,"Saint-Aubin premier cru Sur le sentier du Clou"
227,"Saint-Aubin",1154,"Saint-Aubin premier cru Vignes Moingeon"
227,"Saint-Aubin",1155,"Saint-Aubin premier cru Village"
227,"Saint-Aubin",1156,"Saint-Aubin premier cru"
227,"Saint-Aubin",2083,"Saint-Aubin ou Saint-Aubin Côte de Beaune"
228,"Saint-Romain",1157,"Saint-Romain ou Saint-Romain Côte de Beaune"
228,"Saint-Romain",2048,"Saint-Romain"
229,"Saint-Véran",1158,"Saint-Véran"
230,"Santenay",1159,"Santenay"
230,"Santenay",1160,"Santenay premier cru Beauregard"
230,"Santenay",1161,"Santenay premier cru Beaurepaire"
230,"Santenay",1162,"Santenay premier cru Clos Faubard"
230,"Santenay",1163,"Santenay premier cru Clos Rousseau"
230,"Santenay",1164,"Santenay premier cru Clos de Tavannes"
230,"Santenay",1165,"Santenay premier cru Clos des Mouches"
230,"Santenay",1166,"Santenay premier cru Grand Clos Rousseau"
230,"Santenay",1167,"Santenay premier cru La Comme"
230,"Santenay",1168,"Santenay premier cru La Maladière"
230,"Santenay",1169,"Santenay premier cru Les Gravières"
230,"Santenay",1170,"Santenay premier cru Les Gravières-Clos de Tavannes"
230,"Santenay",1171,"Santenay premier cru Passetemps"
230,"Santenay",1172,"Santenay premier cru"
230,"Santenay",2082,"Santenay ou Santenay Côte de Beaune"
231,"Savigny-lès-Beaune",1173,"Savigny-lès-Beaune"
231,"Savigny-lès-Beaune",1174,"Savigny-lès-Beaune premier cru Aux Clous"
231,"Savigny-lès-Beaune",1175,"Savigny-lès-Beaune premier cru Aux Fourneaux"
231,"Savigny-lès-Beaune",1176,"Savigny-lès-Beaune premier cru Aux Gravains"
231,"Savigny-lès-Beaune",1177,"Savigny-lès-Beaune premier cru Aux Guettes"
231,"Savigny-lès-Beaune",1178,"Savigny-lès-Beaune premier cru Aux Serpentières"
231,"Savigny-lès-Beaune",1179,"Savigny-lès-Beaune premier cru Basses Vergelesses"
231,"Savigny-lès-Beaune",1180,"Savigny-lès-Beaune premier cru Bataillère"
231,"Savigny-lès-Beaune",1181,"Savigny-lès-Beaune premier cru Champ Chevrey"
231,"Savigny-lès-Beaune",1182,"Savigny-lès-Beaune premier cru La Dominode"
231,"Savigny-lès-Beaune",1183,"Savigny-lès-Beaune premier cru Les Charnières"
231,"Savigny-lès-Beaune",1184,"Savigny-lès-Beaune premier cru Les Hauts Jarrons"
231,"Savigny-lès-Beaune",1185,"Savigny-lès-Beaune premier cru Les Hauts Marconnets"
231,"Savigny-lès-Beaune",1186,"Savigny-lès-Beaune premier cru Les Jarrons"
231,"Savigny-lès-Beaune",1187,"Savigny-lès-Beaune premier cru Les Lavières"
231,"Savigny-lès-Beaune",1188,"Savigny-lès-Beaune premier cru Les Marconnets"
231,"Savigny-lès-Beaune",1189,"Savigny-lès-Beaune premier cru Les Narbantons"
231,"Savigny-lès-Beaune",1190,"Savigny-lès-Beaune premier cru Les Peuillets"
231,"Savigny-lès-Beaune",1191,"Savigny-lès-Beaune premier cru Les Rouvrettes"
231,"Savigny-lès-Beaune",1192,"Savigny-lès-Beaune premier cru Les Talmettes"
231,"Savigny-lès-Beaune",1193,"Savigny-lès-Beaune premier cru Les Vergelesses"
231,"Savigny-lès-Beaune",1194,"Savigny-lès-Beaune premier cru Petits Godeaux"
231,"Savigny-lès-Beaune",1195,"Savigny-lès-Beaune premier cru Redrescul"
231,"Savigny-lès-Beaune",1196,"Savigny-lès-Beaune premier cru"
231,"Savigny-lès-Beaune",2081,"Savigny-lès-Beaune ou Savigny-lès-Beaune Côte de Beaune"
232,"Seyssel",1197,"Seyssel"
234,"Roussette de Savoie",1199,"Roussette de Savoie"
234,"Roussette de Savoie",1200,"Roussette de Savoie Frangy"
234,"Roussette de Savoie",1201,"Roussette de Savoie Marestel"
234,"Roussette de Savoie",1202,"Roussette de Savoie Monterminod"
234,"Roussette de Savoie",1203,"Roussette de Savoie Monthoux"
235,"Vin de Savoie ou Savoie",1204,"Vin de Savoie ou Savoie"
235,"Vin de Savoie ou Savoie",1205,"Vin de Savoie Abymes ou Les Abymes"
235,"Vin de Savoie ou Savoie",1206,"Vin de Savoie Apremont"
235,"Vin de Savoie ou Savoie",1207,"Vin de Savoie Arbin"
235,"Vin de Savoie ou Savoie",1208,"Vin de Savoie Ayze"
235,"Vin de Savoie ou Savoie",1210,"Vin de Savoie Chautagne"
235,"Vin de Savoie ou Savoie",1211,"Vin de Savoie Chignin"
235,"Vin de Savoie ou Savoie",1212,"Vin de Savoie Chignin-Bergeron"
235,"Vin de Savoie ou Savoie",1213,"Vin de Savoie Cruet"
235,"Vin de Savoie ou Savoie",1214,"Vin de Savoie Jongieux"
235,"Vin de Savoie ou Savoie",1215,"Vin de Savoie Marignan"
235,"Vin de Savoie ou Savoie",1216,"Vin de Savoie Marin"
235,"Vin de Savoie ou Savoie",1217,"Vin de Savoie Montmélian"
235,"Vin de Savoie ou Savoie",1218,"Vin de Savoie Ripaille"
235,"Vin de Savoie ou Savoie",1219,"Vin de Savoie Saint-Jean-de-la-Porte"
235,"Vin de Savoie ou Savoie",1220,"Vin de Savoie Saint-Jeoire-Prieuré"
235,"Vin de Savoie ou Savoie",2068,"Vin de Savoie Crépy"
240,"Volnay",1225,"Volnay"
240,"Volnay",1226,"Volnay premier cru Carelle sous la Chapelle"
240,"Volnay",1228,"Volnay premier cru Champans"
240,"Volnay",1230,"Volnay premier cru Clos de l'Audignac"
240,"Volnay",1231,"Volnay premier cru Clos de la Barre"
240,"Volnay",1232,"Volnay premier cru Clos de la Bousse-d'Or"
240,"Volnay",1233,"Volnay premier cru Clos de la Cave des Ducs"
240,"Volnay",1234,"Volnay premier cru Clos de la Chapelle"
240,"Volnay",1235,"Volnay premier cru Clos de la Rougeotte"
240,"Volnay",1236,"Volnay premier cru Clos des Chênes"
240,"Volnay",1237,"Volnay premier cru Clos des Ducs"
240,"Volnay",1238,"Volnay premier cru Clos du Château des Ducs"
240,"Volnay",1239,"Volnay premier cru Clos du Verseuil"
240,"Volnay",1240,"Volnay premier cru En Chevret"
240,"Volnay",1242,"Volnay premier cru Frémiets"
240,"Volnay",1243,"Volnay premier cru Frémiets - Clos de la Rougeotte"
240,"Volnay",1244,"Volnay premier cru La Gigotte"
240,"Volnay",1245,"Volnay premier cru Lassolle"
240,"Volnay",1246,"Volnay premier cru Le Ronceret"
240,"Volnay",1247,"Volnay premier cru Le Village"
240,"Volnay",1248,"Volnay premier cru Les Angles"
240,"Volnay",1250,"Volnay premier cru Les Brouillards"
240,"Volnay",1251,"Volnay premier cru Les Caillerets"
240,"Volnay",1252,"Volnay premier cru Clos des 60 ouvrées"
240,"Volnay",1254,"Volnay premier cru Les Lurets"
240,"Volnay",1255,"Volnay premier cru Les Mitans"
240,"Volnay",1256,"Volnay premier cru Pitures Dessus"
240,"Volnay",1258,"Volnay premier cru Robardelle"
240,"Volnay",1259,"Volnay premier cru Santenots"
240,"Volnay",1260,"Volnay premier cru Taille Pieds"
240,"Volnay",1261,"Volnay premier cru"
241,"Vosne-Romanée",1262,"Vosne-Romanée"
241,"Vosne-Romanée",1263,"Vosne-Romanée premier cru Au-dessus des Malconsorts"
241,"Vosne-Romanée",1264,"Vosne-Romanée premier cru Aux Brulées"
241,"Vosne-Romanée",1265,"Vosne-Romanée premier cru Aux Malconsorts"
241,"Vosne-Romanée",1266,"Vosne-Romanée premier cru Aux Raignots"
241,"Vosne-Romanée",1267,"Vosne-Romanée premier cru Cros Parantoux"
241,"Vosne-Romanée",1268,"Vosne-Romanée premier cru Clos des Réas"
241,"Vosne-Romanée",1269,"Vosne-Romanée premier cru En Orveaux"
241,"Vosne-Romanée",1270,"Vosne-Romanée premier cru La Croix Rameau"
241,"Vosne-Romanée",1271,"Vosne-Romanée premier cru Les Beaux Monts"
241,"Vosne-Romanée",1272,"Vosne-Romanée premier cru Les Chaumes"
241,"Vosne-Romanée",1273,"Vosne-Romanée premier cru Les Gaudichots"
241,"Vosne-Romanée",1274,"Vosne-Romanée premier cru Les Petis Monts"
241,"Vosne-Romanée",1275,"Vosne-Romanée premier cru Les Rouges"
241,"Vosne-Romanée",1276,"Vosne-Romanée premier cru Les Suchots"
241,"Vosne-Romanée",1277,"Vosne-Romanée premier cru"
242,"Vougeot",1278,"Vougeot"
242,"Vougeot",1279,"Vougeot premier cru Clos de la Perrière"
242,"Vougeot",1280,"Vougeot premier cru Le Clos Blanc"
242,"Vougeot",1281,"Vougeot premier cru Les Crâs"
242,"Vougeot",1282,"Vougeot premier cru Les Petits Vougeots"
242,"Vougeot",1283,"Vougeot premier cru"
243,"Côtes du Forez",1284,"Côtes du Forez"
244,"Macvin du Jura",1285,"Macvin du Jura"
245,"Bouzeron",1286,"Bouzeron"
246,"Viré-Clessé",1287,"Viré-Clessé"
246,"Viré-Clessé",1593,"Viré-Clessé complété par une dénomination de climat"
247,"Irancy",1288,"Irancy"
250,"Crémant de Limoux",1291,"Crémant de Limoux"
251,"Limoux",1292,"Limoux"
252,"Clairette de Bellegarde",1293,"Clairette de Bellegarde"
253,"Clairette du Languedoc",1294,"Clairette du Languedoc"
253,"Clairette du Languedoc",1295,"Clairette du Languedoc Adissan"
253,"Clairette du Languedoc",1296,"Clairette du Languedoc Aspiran"
253,"Clairette du Languedoc",1297,"Clairette du Languedoc Cabrières"
253,"Clairette du Languedoc",1298,"Clairette du Languedoc Ceyras"
253,"Clairette du Languedoc",1299,"Clairette du Languedoc Fontès"
253,"Clairette du Languedoc",1300,"Clairette du Languedoc Le Bosc"
253,"Clairette du Languedoc",1301,"Clairette du Languedoc Lieuran-Cabrières"
253,"Clairette du Languedoc",1302,"Clairette du Languedoc Nizas"
253,"Clairette du Languedoc",1303,"Clairette du Languedoc Paulhan"
253,"Clairette du Languedoc",1304,"Clairette du Languedoc Péret"
253,"Clairette du Languedoc",1305,"Clairette du Languedoc Saint-André-de-Sangonis"
254,"Collioure",1306,"Collioure"
255,"Corbières",1307,"Corbières"
256,"Costières de Nîmes",1308,"Costières de Nîmes"
257,"Languedoc",1309,"Languedoc"
257,"Languedoc",1310,"Languedoc Cabrières"
257,"Languedoc",1313,"Languedoc Montpeyroux"
257,"Languedoc",1316,"Languedoc Quatourze"
257,"Languedoc",1318,"Languedoc Saint-Drézéry"
257,"Languedoc",1319,"Languedoc Saint-Georges-d'Orques"
257,"Languedoc",1320,"Languedoc Saint-Saturnin"
257,"Languedoc",1742,"Languedoc Grès de Montpellier"
257,"Languedoc",2322,"Languedoc La Méjanelle"
257,"Languedoc",2323,"Languedoc Saint-Christol"
258,"Côtes du Roussillon",1323,"Côtes du Roussillon"
259,"Côtes du Roussillon Villages",1324,"Côtes du Roussillon Villages"
259,"Côtes du Roussillon Villages",1325,"Côtes du Roussillon Villages Caramany"
259,"Côtes du Roussillon Villages",1327,"Côtes du Roussillon Villages Lesquerde"
259,"Côtes du Roussillon Villages",1328,"Côtes du Roussillon Villages Tautavel"
259,"Côtes du Roussillon Villages",2844,"Côtes du Roussillon Villages Les Aspres"
260,"Faugères",1329,"Faugères"
261,"Fitou",1330,"Fitou"
262,"Minervois",1331,"Minervois"
263,"Saint-Chinian",1332,"Saint-Chinian Berlou"
263,"Saint-Chinian",1700,"Saint-Chinian Roquebrun"
263,"Saint-Chinian",1701,"Saint-Chinian"
264,"Cabardès",1333,"Cabardès"
265,"Minervois-La Livinière",1334,"Minervois-La Livinière"
266,"Château-Grillet",1335,"Château-Grillet"
267,"Châteauneuf-du-Pape",1336,"Châteauneuf-du-Pape"
268,"Châtillon-en-Diois",1337,"Châtillon-en-Diois"
269,"Clairette de Die",1338,"Clairette de Die"
270,"Condrieu",1339,"Condrieu"
271,"Cornas",1340,"Cornas"
272,"Côte Rôtie",1341,"Côte Rôtie"
273,"Coteaux de Die",1342,"Coteaux de Die"
275,"Côtes du Rhône",1344,"Côtes du Rhône"
276,"Côtes du Rhône Villages",1345,"Côtes du Rhône Villages"
276,"Côtes du Rhône Villages",1348,"Côtes du Rhône Villages Chusclan"
276,"Côtes du Rhône Villages",1349,"Côtes du Rhône Villages Laudun"
276,"Côtes du Rhône Villages",1351,"Côtes du Rhône Villages Roaix"
276,"Côtes du Rhône Villages",1352,"Côtes du Rhône Villages Rochegude"
276,"Côtes du Rhône Villages",1353,"Côtes du Rhône Villages Rousset-les-Vignes"
276,"Côtes du Rhône Villages",1354,"Côtes du Rhône Villages Sablet"
276,"Côtes du Rhône Villages",1355,"Côtes du Rhône Villages Saint-Gervais"
276,"Côtes du Rhône Villages",1356,"Côtes du Rhône Villages Saint-Maurice"
276,"Côtes du Rhône Villages",1357,"Côtes du Rhône Villages Saint-Pantaléon-les-Vignes"
276,"Côtes du Rhône Villages",1358,"Côtes du Rhône Villages Séguret"
276,"Côtes du Rhône Villages",1359,"Côtes du Rhône Villages Valréas"
276,"Côtes du Rhône Villages",1708,"Côtes du Rhône Villages Massif d'Uchaux"
276,"Côtes du Rhône Villages",1709,"Côtes du Rhône Villages Plan de Dieu"
276,"Côtes du Rhône Villages",1710,"Côtes du Rhône Villages Puyméras"
276,"Côtes du Rhône Villages",1711,"Côtes du Rhône Villages Signargues"
276,"Côtes du Rhône Villages",2527,"Côtes du Rhône Villages Gadagne"
276,"Côtes du Rhône Villages",2826,"Côtes du Rhône Villages Sainte-Cécile"
276,"Côtes du Rhône Villages",2827,"Côtes du Rhône Villages Suze-la-Rousse"
278,"Ventoux",1363,"Ventoux"
279,"Crémant de Die",1364,"Crémant de Die"
280,"Crozes-Hermitage ou Crozes-Ermitage",1365,"Crozes-Hermitage ou Crozes-Ermitage"
281,"Gigondas",1366,"Gigondas"
282,"Hermitage ou Ermitage ou l'Hermitage ou l'Ermitage",1367,"Hermitage ou Ermitage ou l'Hermitage ou l'Ermitage"
283,"Lirac",1368,"Lirac"
284,"Saint-Joseph",1369,"Saint-Joseph"
285,"Saint-Péray",1370,"Saint-Péray"
287,"Tavel",1372,"Tavel"
289,"Côtes du Vivarais",1374,"Côtes du Vivarais"
290,"Pierrevert",1375,"Pierrevert"
291,"Ajaccio",1376,"Ajaccio"
292,"Bandol",1377,"Bandol"
295,"Coteaux d'Aix-en-Provence",1380,"Coteaux d'Aix-en-Provence"
297,"Côtes de Provence",1382,"Côtes de Provence"
297,"Côtes de Provence",1702,"Côtes de Provence Sainte-Victoire"
298,"Palette",1383,"Palette"
299,"Patrimonio",1384,"Patrimonio"
300,"Vin de Corse ou Corse",1385,"Vin de Corse ou Corse"
300,"Vin de Corse ou Corse",1386,"Vin de Corse Calvi ou Corse Calvi"
300,"Vin de Corse ou Corse",1387,"Vin de Corse Coteaux du Cap Corse ou Corse Coteaux du Cap Corse"
300,"Vin de Corse ou Corse",1388,"Vin de Corse ou Corse Figari"
300,"Vin de Corse ou Corse",1389,"Vin de Corse Porto-Vecchio ou Corse Porto-Vecchio"
300,"Vin de Corse ou Corse",1390,"Vin de Corse Sartène ou Corse Sartène"
301,"Les Baux de Provence",1391,"Les Baux de Provence"
302,"Banyuls",1392,"Banyuls"
303,"Banyuls grand cru",1393,"Banyuls grand cru"
304,"Muscat de Frontignan ou Frontignan ou Vin de Frontignan",1394,"Muscat de Frontignan ou Frontignan ou Vin de Frontignan"
305,"Grand Roussillon",1395,"Grand Roussillon"
306,"Maury",1396,"Maury"
307,"Muscat de Rivesaltes",1397,"Muscat de Rivesaltes"
308,"Muscat de Beaumes-de-Venise",1398,"Muscat de Beaumes-de-Venise"
309,"Muscat de Lunel",1399,"Muscat de Lunel"
310,"Muscat de Mireval",1400,"Muscat de Mireval"
311,"Muscat de Saint-Jean-de-Minervois",1401,"Muscat de Saint-Jean-de-Minervois"
312,"Muscat du Cap Corse",1402,"Muscat du Cap Corse"
313,"Rasteau",1403,"Rasteau"
313,"Rasteau",1403,"Rasteau Vin Doux Naturel"
314,"Rivesaltes",1404,"Rivesaltes"
469,"Coteaux du Vendômois",1587,"Coteaux du Vendômois"
478,"Saint-Bris",1597,"Saint-Bris"
564,"Valençay",1679,"Valençay"
582,"Coteaux varois en Provence",1707,"Coteaux varois en Provence"
583,"Mâcon",1712,"Mâcon Azé"
583,"Mâcon",1713,"Mâcon"
583,"Mâcon",1713,"Mâcon - rouge exclusif"
583,"Mâcon",1714,"Mâcon Bray"
583,"Mâcon",1715,"Mâcon Burgy"
583,"Mâcon",1717,"Mâcon Bussières"
583,"Mâcon",1719,"Mâcon Chaintré"
583,"Mâcon",1720,"Mâcon Chardonnay"
583,"Mâcon",1721,"Mâcon Charnay-lès-Mâcon"
583,"Mâcon",1722,"Mâcon Cruzille"
583,"Mâcon",1723,"Mâcon Davayé"
583,"Mâcon",1724,"Mâcon Igé"
583,"Mâcon",1725,"Mâcon La Roche-Vineuse"
583,"Mâcon",1726,"Mâcon Lugny"
583,"Mâcon",1728,"Mâcon Mancey"
583,"Mâcon",1729,"Mâcon Milly-Lamartine"
583,"Mâcon",1730,"Mâcon Péronne"
583,"Mâcon",1731,"Mâcon Pierreclos"
583,"Mâcon",1732,"Mâcon Prissé"
583,"Mâcon",1734,"Mâcon Saint-Gengoux-le-National"
583,"Mâcon",1735,"Mâcon Serrières"
583,"Mâcon",1736,"Mâcon Vergisson"
583,"Mâcon",1737,"Mâcon Verzé"
583,"Mâcon",2069,"Mâcon Fuissé"
583,"Mâcon",2070,"Mâcon Loché"
583,"Mâcon",2071,"Mâcon Montbellet"
583,"Mâcon",2072,"Mâcon Solutré-Pouilly"
583,"Mâcon",2073,"Mâcon Uchizy"
583,"Mâcon",2074,"Mâcon Vinzelles"
583,"Mâcon",2893,"Mâcon Villages"
585,"Bordeaux supérieur",1740,"Bordeaux supérieur"
598,"Orléans-Cléry",1755,"Orléans-Cléry"
600,"Orléans",1756,"Orléans"
608,"Malepère",1769,"Malepère"
661,"Oignon de Roscoff",1824,"Oignon de Roscoff"
674,"Bugey",1837,"Bugey"
674,"Bugey",2063,"Bugey Manicle"
674,"Bugey",2064,"Bugey Montagnieu"
674,"Bugey",2065,"Bugey Cerdon"
675,"Roussette du Bugey",1838,"Roussette du Bugey"
675,"Roussette du Bugey",2066,"Roussette du Bugey Montagnieu"
675,"Roussette du Bugey",2067,"Roussette du Bugey Virieu-le-Grand"
677,"Saint-Pourçain",1841,"Saint-Pourçain"
685,"Côtes de Bordeaux",1849,"Côtes de Bordeaux"
685,"Côtes de Bordeaux",2077,"Côtes de Bordeaux Cadillac"
685,"Côtes de Bordeaux",2078,"Côtes de Bordeaux Castillon"
685,"Côtes de Bordeaux",2079,"Côtes de Bordeaux Blaye"
685,"Côtes de Bordeaux",2080,"Côtes de Bordeaux Francs"
686,"Saint-Sardos",1850,"Saint-Sardos"
688,"Coteaux du Quercy",1852,"Coteaux du Quercy"
690,"Moselle",1854,"Moselle"
731,"Côtes de Millau",1895,"Côtes de Millau"
733,"Picpoul de Pinet",1897,"Picpoul de Pinet"
741,"Saint-Mont",1905,"Saint-Mont"
819,"Cairanne",1996,"Cairanne"
831,"La Clape",2011,"La Clape"
833,"Pic Saint-Loup",2013,"Pic Saint-Loup"
836,"Châteaumeillant",2016,"Châteaumeillant"
837,"Côtes d'Auvergne",2017,"Côtes d'Auvergne"
837,"Côtes d'Auvergne",2314,"Côtes d'Auvergne Boudes"
837,"Côtes d'Auvergne",2315,"Côtes d'Auvergne Chanturgue"
837,"Côtes d'Auvergne",2316,"Côtes d'Auvergne Chateaugay"
837,"Côtes d'Auvergne",2317,"Côtes d'Auvergne Corent"
837,"Côtes d'Auvergne",2318,"Côtes d'Auvergne Madargues"
840,"Coteaux d'Ancenis",2020,"Coteaux d'Ancenis"
843,"Gros Plant du Pays Nantais",2023,"Gros Plant du Pays Nantais"
854,"Luberon",2036,"Luberon"
855,"Graves supérieures",2037,"Graves supérieures"
1013,"Grignan-les-Adhémar",2295,"Grignan-les-Adhémar"
1016,"Entraygues - Le Fel",2303,"Entraygues - Le Fel"
1017,"Estaing",2304,"Estaing"
1018,"Haut-Poitou",2305,"Haut-Poitou"
1019,"Brulhois",2306,"Brulhois"
1020,"Tursan",2307,"Tursan"
1027,"Coteaux Bourguignons ou Bourgogne grand ordinaire ou Bourgogne ordinaire",2338,"Coteaux Bourguignons ou Bourgogne grand ordinaire ou Bourgogne ordinaire"
1028,"Fiefs Vendéens",2341,"Fiefs Vendéens Brem"
1028,"Fiefs Vendéens",2342,"Fiefs Vendéens Mareuil"
1028,"Fiefs Vendéens",2343,"Fiefs Vendéens Pissotte"
1028,"Fiefs Vendéens",2344,"Fiefs Vendéens Vix"
1028,"Fiefs Vendéens",2346,"Fiefs Vendéens Chantonnay"
1032,"Beaujolais",2487,"Beaujolais Villages"
1032,"Beaujolais",2488,"Beaujolais Beaujeu"
1032,"Beaujolais",2489,"Beaujolais Blacé"
1032,"Beaujolais",2490,"Beaujolais Cercié"
1032,"Beaujolais",2492,"Beaujolais Charentay"
1032,"Beaujolais",2493,"Beaujolais Denicé"
1032,"Beaujolais",2494,"Beaujolais Emeringes"
1032,"Beaujolais",2495,"Beaujolais Jullié"
1032,"Beaujolais",2496,"Beaujolais La Chapelle-de-Guinchay"
1032,"Beaujolais",2497,"Beaujolais Lancié"
1032,"Beaujolais",2498,"Beaujolais Lantignié"
1032,"Beaujolais",2499,"Beaujolais Le Perréon"
1032,"Beaujolais",2500,"Beaujolais Les Ardillats"
1032,"Beaujolais",2501,"Beaujolais Leynes"
1032,"Beaujolais",2502,"Beaujolais Marchampt"
1032,"Beaujolais",2503,"Beaujolais Montmelas-Saint-Sorlin"
1032,"Beaujolais",2504,"Beaujolais Odenas"
1032,"Beaujolais",2505,"Beaujolais Pruzilly"
1032,"Beaujolais",2506,"Beaujolais Quincié-en-Beaujolais"
1032,"Beaujolais",2507,"Beaujolais Rivolet"
1032,"Beaujolais",2508,"Beaujolais Romanèche-Thorins"
1032,"Beaujolais",2509,"Beaujolais Saint-Didier-sur-Beaujeu"
1032,"Beaujolais",2510,"Beaujolais Saint-Etienne-des-Oullières"
1032,"Beaujolais",2511,"Beaujolais Saint-Etienne-la-Varenne"
1032,"Beaujolais",2512,"Beaujolais Saint-Julien"
1032,"Beaujolais",2513,"Beaujolais Saint-Lager"
1032,"Beaujolais",2515,"Beaujolais Salles-Arbuissonnas-en-Beaujolais"
1032,"Beaujolais",2516,"Beaujolais Vaux-en-Beaujolais"
1032,"Beaujolais",2517,"Beaujolais Vauxrenard"
1032,"Beaujolais",2518,"Beaujolais"
1034,"Savennières Roche aux Moines",2520,"Savennières Roche aux Moines"
1042,"Terrasses du Larzac",2534,"Terrasses du Larzac"
1097,"Beaumes de Venise",2642,"Beaumes de Venise"
1098,"Corbières-Boutenac",2643,"Corbières-Boutenac"
1130,"Vinsobres",2770,"Vinsobres"
1164,"Coulée de Serrant",2814,"Coulée de Serrant"
1170,"Vézelay",2829,"Vézelay"
1187,"Alsace grand cru Altenberg de Bergbieten",4,"Alsace grand cru Altenberg de Bergbieten"
1188,"Alsace grand cru Altenberg de Bergheim",5,"Alsace grand cru Altenberg de Bergheim"
1189,"Alsace grand cru Altenberg de Wolxheim",6,"Alsace grand cru Altenberg de Wolxheim"
1190,"Alsace grand cru Brand",7,"Alsace grand cru Brand"
1191,"Alsace grand cru Bruderthal",8,"Alsace grand cru Bruderthal"
1192,"Alsace grand cru Eichberg",9,"Alsace grand cru Eichberg"
1193,"Alsace grand cru Engelberg",10,"Alsace grand cru Engelberg"
1194,"Alsace grand cru Florimont",11,"Alsace grand cru Florimont"
1195,"Alsace grand cru Frankstein",12,"Alsace grand cru Frankstein"
1196,"Alsace grand cru Froehn",13,"Alsace grand cru Froehn"
1197,"Alsace grand cru Furstentum",14,"Alsace grand cru Furstentum"
1198,"Alsace grand cru Geisberg",15,"Alsace grand cru Geisberg"
1199,"Alsace grand cru Gloeckelberg",16,"Alsace grand cru Gloeckelberg"
1200,"Alsace grand cru Goldert",17,"Alsace grand cru Goldert"
1201,"Alsace grand cru Hatschbourg",18,"Alsace grand cru Hatschbourg"
1202,"Alsace grand cru Hengst",19,"Alsace grand cru Hengst"
1203,"Alsace grand cru Kaefferkopf",1765,"Alsace grand cru Kaefferkopf"
1204,"Alsace grand cru Kanzlerberg",20,"Alsace grand cru Kanzlerberg"
1205,"Alsace grand cru Kastelberg",2481,"Alsace grand cru Kastelberg"
1206,"Alsace grand cru Kessler",22,"Alsace grand cru Kessler"
1207,"Alsace grand cru Kirchberg de Barr",23,"Alsace grand cru Kirchberg de Barr"
1208,"Alsace grand cru Kirchberg de Ribeauvillé",24,"Alsace grand cru Kirchberg de Ribeauvillé"
1209,"Alsace grand cru Kitterlé",25,"Alsace grand cru Kitterlé"
1210,"Alsace grand cru Mambourg",26,"Alsace grand cru Mambourg"
1211,"Alsace grand cru Mandelberg",27,"Alsace grand cru Mandelberg"
1212,"Alsace grand cru Marckrain",28,"Alsace grand cru Marckrain"
1213,"Alsace grand cru Moenchberg",29,"Alsace grand cru Moenchberg"
1214,"Alsace grand cru Muenchberg",30,"Alsace grand cru Muenchberg"
1215,"Alsace grand cru Ollwiller",31,"Alsace grand cru Ollwiller"
1216,"Alsace grand cru Osterberg",32,"Alsace grand cru Osterberg"
1217,"Alsace grand cru Pfersigberg",33,"Alsace grand cru Pfersigberg"
1218,"Alsace grand cru Pfingstberg",34,"Alsace grand cru Pfingstberg"
1219,"Alsace grand cru Praelatenberg",35,"Alsace grand cru Praelatenberg"
1220,"Alsace grand cru Rangen",36,"Alsace grand cru Rangen"
1221,"Alsace grand cru Rosacker",37,"Alsace grand cru Rosacker"
1222,"Alsace grand cru Saering",38,"Alsace grand cru Saering"
1223,"Alsace grand cru Schlossberg",39,"Alsace grand cru Schlossberg"
1224,"Alsace grand cru Schoenenbourg",40,"Alsace grand cru Schoenenbourg"
1225,"Alsace grand cru Sommerberg",41,"Alsace grand cru Sommerberg"
1226,"Alsace grand cru Sonnenglanz",42,"Alsace grand cru Sonnenglanz"
1227,"Alsace grand cru Spiegel",43,"Alsace grand cru Spiegel"
1228,"Alsace grand cru Sporen",44,"Alsace grand cru Sporen"
1229,"Alsace grand cru Steinert",45,"Alsace grand cru Steinert"
1230,"Alsace grand cru Steingrubler",46,"Alsace grand cru Steingrubler"
1231,"Alsace grand cru Steinklotz",47,"Alsace grand cru Steinklotz"
1232,"Alsace grand cru Vorbourg",48,"Alsace grand cru Vorbourg"
1233,"Alsace grand cru Wiebelsberg",49,"Alsace grand cru Wiebelsberg"
1234,"Alsace grand cru Wineck-Schlossberg",50,"Alsace grand cru Wineck-Schlossberg"
1235,"Alsace grand cru Winzenberg",51,"Alsace grand cru Winzenberg"
1236,"Alsace grand cru Zinnkoepfle",52,"Alsace grand cru Zinnkoepfle"
1237,"Alsace grand cru Zotzenberg",53,"Alsace grand cru Zotzenberg"
